period_period,period_ratio,title,year
2021-01,15.52323,성수,2021
2021-02,25.29468,성수,2021
2021-03,29.92321,성수,2021
2021-04,30.67545,성수,2021
2021-05,37.13982,성수,2021
2021-06,37.87083,성수,2021
2021-07,27.30434,성수,2021
2021-08,31.64876,성수,2021
2021-09,34.36886,성수,2021
2021-10,37.3892,성수,2021
2021-11,38.65007,성수,2021
2021-12,35.79516,성수,2021
2022-01,40.75273,성수,2022
2022-02,34.50992,성수,2022
2022-03,35.78446,성수,2022
2022-04,49.40026,성수,2022
2022-05,57.30525,성수,2022
2022-06,55.27007,성수,2022
2022-07,68.17905,성수,2022
2022-08,61.81328,성수,2022
2022-09,53.29679,성수,2022
2022-10,61.42119,성수,2022
2022-11,58.43954,성수,2022
2022-12,64.64037,성수,2022
2023-01,62.56503,성수,2023
2023-02,63.39399,성수,2023
2023-03,58.54999,성수,2023
2023-04,61.0691,성수,2023
2023-05,77.84054,성수,2023
2023-06,69.38314,성수,2023
2023-07,76.753,성수,2023
2023-08,72.80182,성수,2023
2023-09,64.78802,성수,2023
2023-10,76.04487,성수,2023
2023-11,72.78783,성수,2023
2023-12,100.0,성수,2023
2021-01,29.74699,홍대,2021
2021-02,47.07353,홍대,2021
2021-03,47.20077,홍대,2021
2021-04,42.33939,홍대,2021
2021-05,56.38239,홍대,2021
2021-06,53.83959,홍대,2021
2021-07,31.8126,홍대,2021
2021-08,43.43722,홍대,2021
2021-09,45.3218,홍대,2021
2021-10,56.57746,홍대,2021
2021-11,59.06755,홍대,2021
2021-12,57.5528,홍대,2021
2022-01,68.77994,홍대,2022
2022-02,57.61242,홍대,2022
2022-03,53.68902,홍대,2022
2022-04,60.69766,홍대,2022
2022-05,80.37216,홍대,2022
2022-06,73.76359,홍대,2022
2022-07,100.0,홍대,2022
2022-08,92.23657,홍대,2022
2022-09,67.33367,홍대,2022
2022-10,83.21632,홍대,2022
2022-11,67.39804,홍대,2022
2022-12,82.89207,홍대,2022
2023-01,89.68598,홍대,2023
2023-02,90.97348,홍대,2023
2023-03,65.14881,홍대,2023
2023-04,61.41205,홍대,2023
2023-05,71.52862,홍대,2023
2023-06,66.2447,홍대,2023
2023-07,87.13627,홍대,2023
2023-08,80.06692,홍대,2023
2023-09,62.5209,홍대,2023
2023-10,68.63002,홍대,2023
2023-11,65.68801,홍대,2023
2023-12,89.80652,홍대,2023
2021-01,37.84898,연남,2021
2021-02,67.10682,연남,2021
2021-03,70.71762,연남,2021
2021-04,69.74859,연남,2021
2021-05,81.11335,연남,2021
2021-06,73.96577,연남,2021
2021-07,44.54449,연남,2021
2021-08,56.32681,연남,2021
2021-09,61.63031,연남,2021
2021-10,72.01563,연남,2021
2021-11,72.8965,연남,2021
2021-12,79.7725,연남,2021
2022-01,82.48164,연남,2022
2022-02,62.16723,연남,2022
2022-03,63.52596,연남,2022
2022-04,79.86275,연남,2022
2022-05,93.3831,연남,2022
2022-06,85.45862,연남,2022
2022-07,100.0,연남,2022
2022-08,98.83341,연남,2022
2022-09,79.4743,연남,2022
2022-10,85.66532,연남,2022
2022-11,74.80213,연남,2022
2022-12,90.89895,연남,2022
2023-01,86.11865,연남,2023
2023-02,85.35132,연남,2023
2023-03,73.23837,연남,2023
2023-04,67.59674,연남,2023
2023-05,70.51591,연남,2023
2023-06,66.45095,연남,2023
2023-07,71.53403,연남,2023
2023-08,69.55769,연남,2023
2023-09,62.90128,연남,2023
2023-10,69.92701,연남,2023
2023-11,61.77587,연남,2023
2023-12,74.67113,연남,2023
2021-01,40.45428,신촌,2021
2021-02,52.10084,신촌,2021
2021-03,61.59958,신촌,2021
2021-04,53.34943,신촌,2021
2021-05,61.26473,신촌,2021
2021-06,58.45351,신촌,2021
2021-07,46.95766,신촌,2021
2021-08,50.76523,신촌,2021
2021-09,59.82885,신촌,2021
2021-10,62.17216,신촌,2021
2021-11,61.94641,신촌,2021
2021-12,59.59679,신촌,2021
2022-01,61.59138,신촌,2022
2022-02,51.85743,신촌,2022
2022-03,57.93137,신촌,2022
2022-04,63.16536,신촌,2022
2022-05,78.04438,신촌,2022
2022-06,73.69134,신촌,2022
2022-07,100.0,신촌,2022
2022-08,93.94938,신촌,2022
2022-09,74.15483,신촌,2022
2022-10,78.79416,신촌,2022
2022-11,69.86801,신촌,2022
2022-12,78.64849,신촌,2022
2023-01,75.47846,신촌,2023
2023-02,79.2545,신촌,2023
2023-03,75.03893,신촌,2023
2023-04,69.81882,신촌,2023
2023-05,76.08699,신촌,2023
2023-06,74.55211,신촌,2023
2023-07,76.75165,신촌,2023
2023-08,68.64843,신촌,2023
2023-09,63.69506,신촌,2023
2023-10,63.21959,신촌,2023
2023-11,65.02248,신촌,2023
2023-12,70.30123,신촌,2023
2021-01,49.4467,이대,2021
2021-02,71.42153,이대,2021
2021-03,93.77268,이대,2021
2021-04,74.83983,이대,2021
2021-05,85.46212,이대,2021
2021-06,79.41848,이대,2021
2021-07,61.53846,이대,2021
2021-08,64.81788,이대,2021
2021-09,66.7264,이대,2021
2021-10,79.2796,이대,2021
2021-11,87.02567,이대,2021
2021-12,69.67877,이대,2021
2022-01,72.46539,이대,2022
2022-02,64.65212,이대,2022
2022-03,77.13812,이대,2022
2022-04,77.24116,이대,2022
2022-05,87.02119,이대,2022
2022-06,78.59414,이대,2022
2022-07,89.57035,이대,2022
2022-08,90.34989,이대,2022
2022-09,91.47439,이대,2022
2022-10,91.77904,이대,2022
2022-11,93.12754,이대,2022
2022-12,79.43192,이대,2022
2023-01,68.80068,이대,2023
2023-02,85.59204,이대,2023
2023-03,100.0,이대,2023
2023-04,77.44724,이대,2023
2023-05,81.3494,이대,2023
2023-06,66.86976,이대,2023
2023-07,62.08951,이대,2023
2023-08,63.64858,이대,2023
2023-09,65.40925,이대,2023
2023-10,65.90654,이대,2023
2023-11,67.52833,이대,2023
2023-12,58.28143,이대,2023
2021-01,28.55341,잠실,2021
2021-02,38.24119,잠실,2021
2021-03,44.21062,잠실,2021
2021-04,41.78268,잠실,2021
2021-05,46.65474,잠실,2021
2021-06,46.3055,잠실,2021
2021-07,35.67656,잠실,2021
2021-08,40.64626,잠실,2021
2021-09,41.46859,잠실,2021
2021-10,51.69054,잠실,2021
2021-11,55.17848,잠실,2021
2021-12,58.02651,잠실,2021
2022-01,55.08838,잠실,2022
2022-02,41.68449,잠실,2022
2022-03,47.13676,잠실,2022
2022-04,79.05621,잠실,2022
2022-05,65.93266,잠실,2022
2022-06,63.97335,잠실,2022
2022-07,76.93706,잠실,2022
2022-08,72.96655,잠실,2022
2022-09,62.85032,잠실,2022
2022-10,75.90273,잠실,2022
2022-11,69.75003,잠실,2022
2022-12,100.0,잠실,2022
2023-01,75.69269,잠실,2023
2023-02,73.63323,잠실,2023
2023-03,69.37513,잠실,2023
2023-04,73.03294,잠실,2023
2023-05,65.55107,잠실,2023
2023-06,61.08013,잠실,2023
2023-07,72.13418,잠실,2023
2023-08,68.73997,잠실,2023
2023-09,54.81445,잠실,2023
2023-10,59.8232,잠실,2023
2023-11,66.01523,잠실,2023
2023-12,91.21656,잠실,2023
2021-01,9.10131,석촌,2021
2021-02,13.65308,석촌,2021
2021-03,25.36269,석촌,2021
2021-04,21.71212,석촌,2021
2021-05,21.01037,석촌,2021
2021-06,19.49237,석촌,2021
2021-07,12.14986,석촌,2021
2021-08,13.9323,석촌,2021
2021-09,17.21279,석촌,2021
2021-10,22.24101,석촌,2021
2021-11,22.83787,석촌,2021
2021-12,16.58491,석촌,2021
2022-01,13.51716,석촌,2022
2022-02,11.78864,석촌,2022
2022-03,25.06352,석촌,2022
2022-04,100.0,석촌,2022
2022-05,30.93458,석촌,2022
2022-06,24.96454,석촌,2022
2022-07,22.82457,석촌,2022
2022-08,22.67388,석촌,2022
2022-09,25.70544,석촌,2022
2022-10,44.08683,석촌,2022
2022-11,26.0179,석촌,2022
2022-12,23.59428,석촌,2022
2023-01,17.21501,석촌,2023
2023-02,20.00797,석촌,2023
2023-03,59.69891,석촌,2023
2023-04,52.68363,석촌,2023
2023-05,24.66463,석촌,2023
2023-06,21.22754,석촌,2023
2023-07,17.96699,석촌,2023
2023-08,17.64271,석촌,2023
2023-09,18.94722,석촌,2023
2023-10,26.35031,석촌,2023
2023-11,20.7112,석촌,2023
2023-12,19.59283,석촌,2023
2021-01,36.91484,송리단길,2021
2021-02,55.9081,송리단길,2021
2021-03,65.12083,송리단길,2021
2021-04,58.71095,송리단길,2021
2021-05,63.39975,송리단길,2021
2021-06,61.09068,송리단길,2021
2021-07,44.90868,송리단길,2021
2021-08,53.12124,송리단길,2021
2021-09,56.47423,송리단길,2021
2021-10,64.14589,송리단길,2021
2021-11,60.43035,송리단길,2021
2021-12,61.08564,송리단길,2021
2022-01,59.34437,송리단길,2022
2022-02,70.82832,송리단길,2022
2022-03,57.95388,송리단길,2022
2022-04,100.0,송리단길,2022
2022-05,73.97101,송리단길,2022
2022-06,66.47852,송리단길,2022
2022-07,73.89782,송리단길,2022
2022-08,66.12774,송리단길,2022
2022-09,64.73893,송리단길,2022
2022-10,82.36526,송리단길,2022
2022-11,68.31231,송리단길,2022
2022-12,82.83548,송리단길,2022
2023-01,68.05659,송리단길,2023
2023-02,65.91071,송리단길,2023
2023-03,84.21924,송리단길,2023
2023-04,75.55329,송리단길,2023
2023-05,64.31245,송리단길,2023
2023-06,62.25321,송리단길,2023
2023-07,61.75775,송리단길,2023
2023-08,56.65003,송리단길,2023
2023-09,50.3739,송리단길,2023
2023-10,56.26309,송리단길,2023
2023-11,52.62577,송리단길,2023
2023-12,65.58601,송리단길,2023
2021-02,7.91761,더현대,2021
2021-03,58.43913,더현대,2021
2021-04,48.59652,더현대,2021
2021-05,54.21662,더현대,2021
2021-06,53.69726,더현대,2021
2021-07,29.50454,더현대,2021
2021-08,37.92754,더현대,2021
2021-09,33.12917,더현대,2021
2021-10,41.03157,더현대,2021
2021-11,39.81994,더현대,2021
2021-12,31.81789,더현대,2021
2022-01,38.50339,더현대,2022
2022-02,39.24502,더현대,2022
2022-03,49.32418,더현대,2022
2022-04,57.11141,더현대,2022
2022-05,59.44121,더현대,2022
2022-06,57.95982,더현대,2022
2022-07,75.20969,더현대,2022
2022-08,85.08552,더현대,2022
2022-09,55.88582,더현대,2022
2022-10,55.70142,더현대,2022
2022-11,87.47462,더현대,2022
2022-12,100.0,더현대,2022
2023-01,55.91686,더현대,2023
2023-02,56.10902,더현대,2023
2023-03,54.70617,더현대,2023
2023-04,51.60649,더현대,2023
2023-05,52.4816,더현대,2023
2023-06,51.8033,더현대,2023
2023-07,80.51997,더현대,2023
2023-08,77.00431,더현대,2023
2023-09,55.96001,더현대,2023
2023-10,52.7166,더현대,2023
2023-11,65.5313,더현대,2023
2023-12,67.21106,더현대,2023
2021-01,28.19524,여의도,2021
2021-02,44.58852,여의도,2021
2021-03,68.53049,여의도,2021
2021-04,68.39891,여의도,2021
2021-05,65.98352,여의도,2021
2021-06,63.77798,여의도,2021
2021-07,39.86097,여의도,2021
2021-08,46.44333,여의도,2021
2021-09,51.86051,여의도,2021
2021-10,62.52818,여의도,2021
2021-11,64.27129,여의도,2021
2021-12,55.57943,여의도,2021
2022-01,51.32912,여의도,2022
2022-02,44.44594,여의도,2022
2022-03,57.68301,여의도,2022
2022-04,100.0,여의도,2022
2022-05,77.01081,여의도,2022
2022-06,70.25964,여의도,2022
2022-07,79.09239,여의도,2022
2022-08,78.04103,여의도,2022
2022-09,75.44117,여의도,2022
2022-10,78.0808,여의도,2022
2022-11,77.57648,여의도,2022
2022-12,84.43173,여의도,2022
2023-01,63.75428,여의도,2023
2023-02,66.7565,여의도,2023
2023-03,81.55221,여의도,2023
2023-04,73.93202,여의도,2023
2023-05,68.24153,여의도,2023
2023-06,64.33772,여의도,2023
2023-07,70.15599,여의도,2023
2023-08,68.05156,여의도,2023
2023-09,61.67778,여의도,2023
2023-10,60.00575,여의도,2023
2023-11,58.35106,여의도,2023
2023-12,60.94288,여의도,2023
2021-01,40.06431,합정,2021
2021-02,58.88484,합정,2021
2021-03,71.66285,합정,2021
2021-04,66.04319,합정,2021
2021-05,75.07448,합정,2021
2021-06,76.57266,합정,2021
2021-07,52.43042,합정,2021
2021-08,59.19376,합정,2021
2021-09,64.10526,합정,2021
2021-10,74.93943,합정,2021
2021-11,79.95813,합정,2021
2021-12,72.28069,합정,2021
2022-01,75.63746,합정,2022
2022-02,62.72609,합정,2022
2022-03,68.98722,합정,2022
2022-04,81.58292,합정,2022
2022-05,93.01552,합정,2022
2022-06,89.60304,합정,2022
2022-07,100.0,합정,2022
2022-08,93.7836,합정,2022
2022-09,77.47832,합정,2022
2022-10,83.23134,합정,2022
2022-11,79.58506,합정,2022
2022-12,90.18374,합정,2022
2023-01,87.72504,합정,2023
2023-02,86.08843,합정,2023
2023-03,83.06,합정,2023
2023-04,78.83133,합정,2023
2023-05,77.58045,합정,2023
2023-06,75.82146,합정,2023
2023-07,81.72134,합정,2023
2023-08,77.3686,합정,2023
2023-09,70.69304,합정,2023
2023-10,75.79783,합정,2023
2023-11,70.85847,합정,2023
2023-12,81.47488,합정,2023
2021-01,34.48243,망원,2021
2021-02,60.66518,망원,2021
2021-03,65.12778,망원,2021
2021-04,63.80674,망원,2021
2021-05,78.61127,망원,2021
2021-06,73.22441,망원,2021
2021-07,51.33154,망원,2021
2021-08,64.91539,망원,2021
2021-09,70.50297,망원,2021
2021-10,72.21846,망원,2021
2021-11,62.29665,망원,2021
2021-12,59.08974,망원,2021
2022-01,74.87688,망원,2022
2022-02,65.79997,망원,2022
2022-03,73.3271,망원,2022
2022-04,90.15054,망원,2022
2022-05,97.93441,망원,2022
2022-06,84.52094,망원,2022
2022-07,100.0,망원,2022
2022-08,99.88796,망원,2022
2022-09,79.46084,망원,2022
2022-10,85.5339,망원,2022
2022-11,70.32325,망원,2022
2022-12,86.77091,망원,2022
2023-01,78.32419,망원,2023
2023-02,76.94713,망원,2023
2023-03,77.85739,망원,2023
2023-04,67.98926,망원,2023
2023-05,69.99416,망원,2023
2023-06,73.14038,망원,2023
2023-07,74.43108,망원,2023
2023-08,71.77033,망원,2023
2023-09,68.07328,망원,2023
2023-10,74.4941,망원,2023
2023-11,59.66157,망원,2023
2023-12,65.46388,망원,2023
2021-01,30.27707,을지로,2021
2021-02,49.94371,을지로,2021
2021-03,65.04345,을지로,2021
2021-04,61.64903,을지로,2021
2021-05,73.56619,을지로,2021
2021-06,80.06208,을지로,2021
2021-07,51.80907,을지로,2021
2021-08,56.63536,을지로,2021
2021-09,55.86139,을지로,2021
2021-10,70.05712,을지로,2021
2021-11,80.16975,을지로,2021
2021-12,75.48189,을지로,2021
2022-01,65.9964,을지로,2022
2022-02,50.80647,을지로,2022
2022-03,61.01979,을지로,2022
2022-04,79.99426,을지로,2022
2022-05,93.40902,을지로,2022
2022-06,86.96767,을지로,2022
2022-07,100.0,을지로,2022
2022-08,94.11168,을지로,2022
2022-09,82.63988,을지로,2022
2022-10,98.71424,을지로,2022
2022-11,89.88386,을지로,2022
2022-12,98.40871,을지로,2022
2023-01,89.97476,을지로,2023
2023-02,85.85042,을지로,2023
2023-03,79.95161,을지로,2023
2023-04,78.84205,을지로,2023
2023-05,85.98116,을지로,2023
2023-06,83.30478,을지로,2023
2023-07,84.42693,을지로,2023
2023-08,84.21788,을지로,2023
2023-09,78.75745,을지로,2023
2023-10,78.14708,을지로,2023
2023-11,72.69714,을지로,2023
2023-12,84.06127,을지로,2023
2021-01,23.35851,신당동,2021
2021-02,30.68379,신당동,2021
2021-03,36.23347,신당동,2021
2021-04,35.53456,신당동,2021
2021-05,39.61843,신당동,2021
2021-06,46.58859,신당동,2021
2021-07,37.32149,신당동,2021
2021-08,37.80884,신당동,2021
2021-09,40.83112,신당동,2021
2021-10,43.67208,신당동,2021
2021-11,43.84208,신당동,2021
2021-12,42.53872,신당동,2021
2022-01,42.3536,신당동,2022
2022-02,35.35323,신당동,2022
2022-03,41.52247,신당동,2022
2022-04,49.02908,신당동,2022
2022-05,57.80128,신당동,2022
2022-06,54.54476,신당동,2022
2022-07,55.6819,신당동,2022
2022-08,67.46505,신당동,2022
2022-09,54.5901,신당동,2022
2022-10,59.7431,신당동,2022
2022-11,54.37098,신당동,2022
2022-12,66.81904,신당동,2022
2023-01,62.53872,신당동,2023
2023-02,64.71477,신당동,2023
2023-03,65.63656,신당동,2023
2023-04,86.39969,신당동,2023
2023-05,90.54401,신당동,2023
2023-06,100.0,신당동,2023
2023-07,86.27502,신당동,2023
2023-08,85.7499,신당동,2023
2023-09,92.46316,신당동,2023
2023-10,75.10389,신당동,2023
2023-11,70.04911,신당동,2023
2023-12,69.42198,신당동,2023
2021-01,13.06259,명동,2021
2021-02,19.93016,명동,2021
2021-03,21.73112,명동,2021
2021-04,20.80671,명동,2021
2021-05,22.9357,명동,2021
2021-06,28.27094,명동,2021
2021-07,19.05882,명동,2021
2021-08,21.81305,명동,2021
2021-09,21.64505,명동,2021
2021-10,28.89426,명동,2021
2021-11,34.46349,명동,2021
2021-12,75.86246,명동,2021
2022-01,36.05493,명동,2022
2022-02,22.35499,명동,2022
2022-03,23.80648,명동,2022
2022-04,30.36802,명동,2022
2022-05,37.37582,명동,2022
2022-06,34.42224,명동,2022
2022-07,40.47292,명동,2022
2022-08,40.03189,명동,2022
2022-09,35.26526,명동,2022
2022-10,41.04428,명동,2022
2022-11,45.34238,명동,2022
2022-12,100.0,명동,2022
2023-01,44.92693,명동,2023
2023-02,43.20845,명동,2023
2023-03,37.49267,명동,2023
2023-04,33.26358,명동,2023
2023-05,34.70792,명동,2023
2023-06,30.51952,명동,2023
2023-07,31.69606,명동,2023
2023-08,31.38646,명동,2023
2023-09,28.31438,명동,2023
2023-10,32.10987,명동,2023
2023-11,40.85538,명동,2023
2023-12,80.93484,명동,2023
2021-01,31.79022,혜화,2021
2021-02,52.50438,혜화,2021
2021-03,58.74287,혜화,2021
2021-04,53.62493,혜화,2021
2021-05,68.1737,혜화,2021
2021-06,60.60499,혜화,2021
2021-07,44.2898,혜화,2021
2021-08,50.10123,혜화,2021
2021-09,54.59157,혜화,2021
2021-10,65.33484,혜화,2021
2021-11,70.45422,혜화,2021
2021-12,68.62048,혜화,2021
2022-01,68.25354,혜화,2022
2022-02,54.68151,혜화,2022
2022-03,58.04121,혜화,2022
2022-04,66.75259,혜화,2022
2022-05,88.45504,혜화,2022
2022-06,81.17777,혜화,2022
2022-07,95.0672,혜화,2022
2022-08,91.71616,혜화,2022
2022-09,76.39983,혜화,2022
2022-10,89.83528,혜화,2022
2022-11,85.05494,혜화,2022
2022-12,100.0,혜화,2022
2023-01,91.04335,혜화,2023
2023-02,91.29343,혜화,2023
2023-03,81.11958,혜화,2023
2023-04,74.60215,혜화,2023
2023-05,83.50061,혜화,2023
2023-06,72.41686,혜화,2023
2023-07,88.18428,혜화,2023
2023-08,83.78483,혜화,2023
2023-09,70.57157,혜화,2023
2023-10,76.40272,혜화,2023
2023-11,75.50244,혜화,2023
2023-12,96.17139,혜화,2023
2021-01,33.58139,동대문,2021
2021-02,48.96099,동대문,2021
2021-03,56.52571,동대문,2021
2021-04,49.12706,동대문,2021
2021-05,58.85388,동대문,2021
2021-06,60.43788,동대문,2021
2021-07,48.15585,동대문,2021
2021-08,53.20531,동대문,2021
2021-09,47.69547,동대문,2021
2021-10,59.66533,동대문,2021
2021-11,63.07928,동대문,2021
2021-12,68.28114,동대문,2021
2022-01,70.34234,동대문,2022
2022-02,54.56857,동대문,2022
2022-03,62.45072,동대문,2022
2022-04,64.32167,동대문,2022
2022-05,87.88719,동대문,2022
2022-06,85.0156,동대문,2022
2022-07,100.0,동대문,2022
2022-08,93.91416,동대문,2022
2022-09,69.78736,동대문,2022
2022-10,93.65454,동대문,2022
2022-11,79.29135,동대문,2022
2022-12,93.32135,동대문,2022
2023-01,92.29127,동대문,2023
2023-02,84.44801,동대문,2023
2023-03,77.38256,동대문,2023
2023-04,74.2997,동대문,2023
2023-05,85.50752,동대문,2023
2023-06,70.36966,동대문,2023
2023-07,81.87283,동대문,2023
2023-08,79.17573,동대문,2023
2023-09,69.32383,동대문,2023
2023-10,65.45896,동대문,2023
2023-11,63.65948,동대문,2023
2023-12,87.78313,동대문,2023
2021-01,25.51527,삼성,2021
2021-02,33.0591,삼성,2021
2021-03,39.55731,삼성,2021
2021-04,31.46925,삼성,2021
2021-05,40.96112,삼성,2021
2021-06,41.73304,삼성,2021
2021-07,31.14478,삼성,2021
2021-08,37.76834,삼성,2021
2021-09,30.49186,삼성,2021
2021-10,40.87861,삼성,2021
2021-11,49.50178,삼성,2021
2021-12,63.69535,삼성,2021
2022-01,50.54978,삼성,2022
2022-02,41.24712,삼성,2022
2022-03,38.18008,삼성,2022
2022-04,39.20428,삼성,2022
2022-05,52.9163,삼성,2022
2022-06,62.77191,삼성,2022
2022-07,100.0,삼성,2022
2022-08,71.61166,삼성,2022
2022-09,48.31019,삼성,2022
2022-10,53.26616,삼성,2022
2022-11,53.83458,삼성,2022
2022-12,93.4641,삼성,2022
2023-01,64.90241,삼성,2023
2023-02,70.31455,삼성,2023
2023-03,54.90717,삼성,2023
2023-04,53.44268,삼성,2023
2023-05,62.89488,삼성,2023
2023-06,63.2737,삼성,2023
2023-07,97.72391,삼성,2023
2023-08,73.25545,삼성,2023
2023-09,43.96866,삼성,2023
2023-10,43.11106,삼성,2023
2023-11,56.24077,삼성,2023
2023-12,81.32288,삼성,2023
2021-01,36.0356,강남,2021
2021-02,51.15521,강남,2021
2021-03,57.485,강남,2021
2021-04,50.55866,강남,2021
2021-05,58.05323,강남,2021
2021-06,60.70078,강남,2021
2021-07,44.92645,강남,2021
2021-08,48.79733,강남,2021
2021-09,48.46366,강남,2021
2021-10,62.42538,강남,2021
2021-11,72.76532,강남,2021
2021-12,70.11969,강남,2021
2022-01,73.99631,강남,2022
2022-02,61.74541,강남,2022
2022-03,64.59079,강남,2022
2022-04,72.15232,강남,2022
2022-05,83.10603,강남,2022
2022-06,81.92212,강남,2022
2022-07,100.0,강남,2022
2022-08,87.61135,강남,2022
2022-09,69.75885,강남,2022
2022-10,80.50096,강남,2022
2022-11,78.87929,강남,2022
2022-12,91.86564,강남,2022
2023-01,92.30836,강남,2023
2023-02,91.47534,강남,2023
2023-03,81.32442,강남,2023
2023-04,73.0217,강남,2023
2023-05,79.0446,강남,2023
2023-06,80.04714,강남,2023
2023-07,98.35231,강남,2023
2023-08,91.96475,강남,2023
2023-09,75.50509,강남,2023
2023-10,76.57115,강남,2023
2023-11,83.03295,강남,2023
2023-12,94.65247,강남,2023
2021-01,55.22549,신사,2021
2021-02,80.80236,신사,2021
2021-03,81.17746,신사,2021
2021-04,77.50614,신사,2021
2021-05,89.69237,신사,2021
2021-06,73.78724,신사,2021
2021-07,56.16418,신사,2021
2021-08,61.68753,신사,2021
2021-09,63.32884,신사,2021
2021-10,73.96707,신사,2021
2021-11,72.88996,신사,2021
2021-12,69.49982,신사,2021
2022-01,76.20719,신사,2022
2022-02,62.62312,신사,2022
2022-03,63.2244,신사,2022
2022-04,73.17237,신사,2022
2022-05,87.33546,신사,2022
2022-06,87.97814,신사,2022
2022-07,100.0,신사,2022
2022-08,88.69992,신사,2022
2022-09,69.59498,신사,2022
2022-10,76.84987,신사,2022
2022-11,69.06724,신사,2022
2022-12,79.73699,신사,2022
2023-01,74.12341,신사,2023
2023-02,74.39408,신사,2023
2023-03,65.33042,신사,2023
2023-04,60.26374,신사,2023
2023-05,59.96774,신사,2023
2023-06,55.47391,신사,2023
2023-07,58.88816,신사,2023
2023-08,54.91156,신사,2023
2023-09,50.9152,신사,2023
2023-10,50.29044,신사,2023
2023-11,47.49354,신사,2023
2023-12,51.37125,신사,2023
2021-01,33.97537,경리단길,2021
2021-02,58.40269,경리단길,2021
2021-03,70.07635,경리단길,2021
2021-04,66.54055,경리단길,2021
2021-05,81.83944,경리단길,2021
2021-06,77.76707,경리단길,2021
2021-07,49.70764,경리단길,2021
2021-08,57.96244,경리단길,2021
2021-09,62.40627,경리단길,2021
2021-10,71.49343,경리단길,2021
2021-11,66.48551,경리단길,2021
2021-12,57.72167,경리단길,2021
2022-01,59.4139,경리단길,2022
2022-02,54.59173,경리단길,2022
2022-03,60.45951,경리단길,2022
2022-04,82.77498,경리단길,2022
2022-05,100.0,경리단길,2022
2022-06,89.78468,경리단길,2022
2022-07,92.68074,경리단길,2022
2022-08,97.22776,경리단길,2022
2022-09,77.96656,경리단길,2022
2022-10,95.23285,경리단길,2022
2022-11,46.77718,경리단길,2022
2022-12,50.83579,경리단길,2022
2023-01,52.24599,경리단길,2023
2023-02,63.71328,경리단길,2023
2023-03,65.50182,경리단길,2023
2023-04,65.63252,경리단길,2023
2023-05,66.76755,경리단길,2023
2023-06,64.05723,경리단길,2023
2023-07,70.9775,경리단길,2023
2023-08,68.75558,경리단길,2023
2023-09,60.74155,경리단길,2023
2023-10,64.3943,경리단길,2023
2023-11,52.46612,경리단길,2023
2023-12,56.39402,경리단길,2023
2021-01,21.80336,이태원,2021
2021-02,38.12274,이태원,2021
2021-03,45.55139,이태원,2021
2021-04,42.16172,이태원,2021
2021-05,51.69114,이태원,2021
2021-06,52.35707,이태원,2021
2021-07,29.68966,이태원,2021
2021-08,38.5102,이태원,2021
2021-09,47.34321,이태원,2021
2021-10,59.40195,이태원,2021
2021-11,57.05366,이태원,2021
2021-12,50.91668,이태원,2021
2022-01,54.08146,이태원,2022
2022-02,42.64339,이태원,2022
2022-03,48.08395,이태원,2022
2022-04,63.19894,이태원,2022
2022-05,83.01237,이태원,2022
2022-06,78.63766,이태원,2022
2022-07,87.05227,이태원,2022
2022-08,83.47557,이태원,2022
2022-09,70.59065,이태원,2022
2022-10,100.0,이태원,2022
2022-11,13.67322,이태원,2022
2022-12,22.08598,이태원,2022
2023-01,26.46116,이태원,2023
2023-02,35.3445,이태원,2023
2023-03,38.84963,이태원,2023
2023-04,36.47455,이태원,2023
2023-05,42.27025,이태원,2023
2023-06,43.53929,이태원,2023
2023-07,46.0894,이태원,2023
2023-08,43.91798,이태원,2023
2023-09,39.47677,이태원,2023
2023-10,38.74388,이태원,2023
2023-11,32.97958,이태원,2023
2023-12,42.48545,이태원,2023
2021-01,29.87108,영등포,2021
2021-02,37.88941,영등포,2021
2021-03,44.15539,영등포,2021
2021-04,40.67084,영등포,2021
2021-05,45.53996,영등포,2021
2021-06,45.74204,영등포,2021
2021-07,36.90211,영등포,2021
2021-08,38.14754,영등포,2021
2021-09,38.61267,영등포,2021
2021-10,47.39802,영등포,2021
2021-11,52.35072,영등포,2021
2021-12,53.85281,영등포,2021
2022-01,45.34034,영등포,2022
2022-02,38.57923,영등포,2022
2022-03,43.026,영등포,2022
2022-04,48.09719,영등포,2022
2022-05,59.0543,영등포,2022
2022-06,58.95399,영등포,2022
2022-07,67.14539,영등포,2022
2022-08,60.5141,영등포,2022
2022-09,50.7798,영등포,2022
2022-10,71.50414,영등포,2022
2022-11,72.67041,영등포,2022
2022-12,100.0,영등포,2022
2023-01,82.87426,영등포,2023
2023-02,76.33687,영등포,2023
2023-03,69.66772,영등포,2023
2023-04,64.71108,영등포,2023
2023-05,68.98379,영등포,2023
2023-06,67.16064,영등포,2023
2023-07,74.90903,영등포,2023
2023-08,70.9864,영등포,2023
2023-09,57.37963,영등포,2023
2023-10,58.55377,영등포,2023
2023-11,64.67077,영등포,2023
2023-12,83.14174,영등포,2023
2021-01,43.23237,압구정,2021
2021-02,60.31904,압구정,2021
2021-03,71.93638,압구정,2021
2021-04,70.85356,압구정,2021
2021-05,84.24169,압구정,2021
2021-06,86.83718,압구정,2021
2021-07,59.50529,압구정,2021
2021-08,61.596,압구정,2021
2021-09,60.37592,압구정,2021
2021-10,71.95115,압구정,2021
2021-11,76.09266,압구정,2021
2021-12,75.4107,압구정,2021
2022-01,73.95929,압구정,2022
2022-02,61.72616,압구정,2022
2022-03,67.62643,압구정,2022
2022-04,75.21109,압구정,2022
2022-05,87.42835,압구정,2022
2022-06,84.94279,압구정,2022
2022-07,100.0,압구정,2022
2022-08,93.85144,압구정,2022
2022-09,79.76112,압구정,2022
2022-10,86.4478,압구정,2022
2022-11,82.06074,압구정,2022
2022-12,95.75567,압구정,2022
2023-01,89.43649,압구정,2023
2023-02,85.36717,압구정,2023
2023-03,77.04204,압구정,2023
2023-04,75.21984,압구정,2023
2023-05,78.79096,압구정,2023
2023-06,77.57142,압구정,2023
2023-07,82.76457,압구정,2023
2023-08,74.67898,압구정,2023
2023-09,69.18011,압구정,2023
2023-10,69.83582,압구정,2023
2023-11,66.61252,압구정,2023
2023-12,86.9121,압구정,2023
2021-01,16.48245,북촌,2021
2021-02,33.33072,북촌,2021
2021-03,36.84358,북촌,2021
2021-04,39.50597,북촌,2021
2021-05,45.15125,북촌,2021
2021-06,47.1117,북촌,2021
2021-07,23.1267,북촌,2021
2021-08,29.0612,북촌,2021
2021-09,42.24654,북촌,2021
2021-10,55.98374,북촌,2021
2021-11,54.28593,북촌,2021
2021-12,40.57844,북촌,2021
2022-01,50.34315,북촌,2022
2022-02,41.99484,북촌,2022
2022-03,44.78855,북촌,2022
2022-04,63.90369,북촌,2022
2022-05,83.57851,북촌,2022
2022-06,65.35449,북촌,2022
2022-07,58.38818,북촌,2022
2022-08,66.23465,북촌,2022
2022-09,75.51786,북촌,2022
2022-10,100.0,북촌,2022
2022-11,73.23067,북촌,2022
2022-12,50.63863,북촌,2022
2023-01,52.0988,북촌,2023
2023-02,61.33979,북촌,2023
2023-03,60.09536,북촌,2023
2023-04,59.3981,북촌,2023
2023-05,57.02024,북촌,2023
2023-06,42.69991,북촌,2023
2023-07,35.86961,북촌,2023
2023-08,37.53458,북촌,2023
2023-09,47.18205,북촌,2023
2023-10,57.5252,북촌,2023
2023-11,37.84257,북촌,2023
2023-12,35.90244,북촌,2023
2021-01,39.86449,익선동,2021
2021-02,73.7866,익선동,2021
2021-03,81.49926,익선동,2021
2021-04,71.57177,익선동,2021
2021-05,89.11525,익선동,2021
2021-06,81.58009,익선동,2021
2021-07,57.81528,익선동,2021
2021-08,67.01533,익선동,2021
2021-09,72.38559,익선동,2021
2021-10,88.34819,익선동,2021
2021-11,94.18835,익선동,2021
2021-12,82.18075,익선동,2021
2022-01,85.33856,익선동,2022
2022-02,82.72356,익선동,2022
2022-03,68.41237,익선동,2022
2022-04,79.25749,익선동,2022
2022-05,96.41744,익선동,2022
2022-06,87.18411,익선동,2022
2022-07,92.57894,익선동,2022
2022-08,99.63231,익선동,2022
2022-09,88.27211,익선동,2022
2022-10,100.0,익선동,2022
2022-11,86.80771,익선동,2022
2022-12,98.07757,익선동,2022
2023-01,87.69127,익선동,2023
2023-02,88.82998,익선동,2023
2023-03,76.82317,익선동,2023
2023-04,70.25555,익선동,2023
2023-05,75.25337,익선동,2023
2023-06,66.37743,익선동,2023
2023-07,63.28776,익선동,2023
2023-08,61.95174,익선동,2023
2023-09,59.79793,익선동,2023
2023-10,63.25527,익선동,2023
2023-11,52.73346,익선동,2023
2023-12,59.6751,익선동,2023
2021-01,25.73039,삼각지,2021
2021-02,37.01774,삼각지,2021
2021-03,50.61513,삼각지,2021
2021-04,49.8268,삼각지,2021
2021-05,53.25004,삼각지,2021
2021-06,56.48455,삼각지,2021
2021-07,45.88996,삼각지,2021
2021-08,50.26635,삼각지,2021
2021-09,54.33219,삼각지,2021
2021-10,71.1402,삼각지,2021
2021-11,71.30264,삼각지,2021
2021-12,64.64728,삼각지,2021
2022-01,63.19485,삼각지,2022
2022-02,50.37146,삼각지,2022
2022-03,62.92491,삼각지,2022
2022-04,74.17405,삼각지,2022
2022-05,95.13867,삼각지,2022
2022-06,89.22385,삼각지,2022
2022-07,91.77277,삼각지,2022
2022-08,87.86459,삼각지,2022
2022-09,77.72389,삼각지,2022
2022-10,90.93428,삼각지,2022
2022-11,83.16571,삼각지,2022
2022-12,100.0,삼각지,2022
2023-01,84.85224,삼각지,2023
2023-02,90.41351,삼각지,2023
2023-03,92.68292,삼각지,2023
2023-04,83.48821,삼각지,2023
2023-05,81.41229,삼각지,2023
2023-06,83.16332,삼각지,2023
2023-07,88.07481,삼각지,2023
2023-08,91.37622,삼각지,2023
2023-09,87.48238,삼각지,2023
2023-10,85.0768,삼각지,2023
2023-11,87.81682,삼각지,2023
2023-12,89.00886,삼각지,2023
2021-01,17.94887,용산,2021
2021-02,25.52728,용산,2021
2021-03,30.29523,용산,2021
2021-04,30.96898,용산,2021
2021-05,39.6726,용산,2021
2021-06,40.53245,용산,2021
2021-07,33.16714,용산,2021
2021-08,39.15738,용산,2021
2021-09,38.28087,용산,2021
2021-10,48.90695,용산,2021
2021-11,55.69098,용산,2021
2021-12,49.25674,용산,2021
2022-01,48.91097,용산,2022
2022-02,39.68179,용산,2022
2022-03,44.31188,용산,2022
2022-04,53.87363,용산,2022
2022-05,75.75071,용산,2022
2022-06,71.26995,용산,2022
2022-07,80.97645,용산,2022
2022-08,81.61746,용산,2022
2022-09,63.97989,용산,2022
2022-10,74.47271,용산,2022
2022-11,62.86042,용산,2022
2022-12,81.61803,용산,2022
2023-01,81.85927,용산,2023
2023-02,87.50373,용산,2023
2023-03,80.06433,용산,2023
2023-04,73.21194,용산,2023
2023-05,81.1097,용산,2023
2023-06,89.33026,용산,2023
2023-07,99.84778,용산,2023
2023-08,100.0,용산,2023
2023-09,87.78345,용산,2023
2023-10,88.03159,용산,2023
2023-11,80.05456,용산,2023
2023-12,87.30672,용산,2023
2021-01,25.76506,문래,2021
2021-02,40.57187,문래,2021
2021-03,50.9602,문래,2021
2021-04,49.20981,문래,2021
2021-05,59.14412,문래,2021
2021-06,59.53728,문래,2021
2021-07,43.92774,문래,2021
2021-08,45.99884,문래,2021
2021-09,47.72894,문래,2021
2021-10,55.39799,문래,2021
2021-11,58.29598,문래,2021
2021-12,52.41982,문래,2021
2022-01,53.22353,문래,2022
2022-02,100.0,문래,2022
2022-03,64.91306,문래,2022
2022-04,70.85587,문래,2022
2022-05,76.32727,문래,2022
2022-06,74.28709,문래,2022
2022-07,83.5539,문래,2022
2022-08,83.48048,문래,2022
2022-09,73.10568,문래,2022
2022-10,79.50444,문래,2022
2022-11,73.22256,문래,2022
2022-12,76.90591,문래,2022
2023-01,75.60664,문래,2023
2023-02,78.37326,문래,2023
2023-03,83.60413,문래,2023
2023-04,77.92793,문래,2023
2023-05,81.13118,문래,2023
2023-06,76.50598,문래,2023
2023-07,72.73956,문래,2023
2023-08,72.84292,문래,2023
2023-09,64.61649,문래,2023
2023-10,67.60142,문래,2023
2023-11,62.37828,문래,2023
2023-12,67.59756,문래,2023
2021-01,45.68733,공릉1,2021
2021-02,63.80476,공릉1,2021
2021-03,75.00396,공릉1,2021
2021-04,71.6109,공릉1,2021
2021-05,84.7841,공릉1,2021
2021-06,76.20368,공릉1,2021
2021-07,65.21325,공릉1,2021
2021-08,70.87098,공릉1,2021
2021-09,74.62871,공릉1,2021
2021-10,80.33666,공릉1,2021
2021-11,76.27503,공릉1,2021
2021-12,68.46889,공릉1,2021
2022-01,72.13942,공릉1,2022
2022-02,66.94413,공릉1,2022
2022-03,75.28936,공릉1,2022
2022-04,84.84752,공릉1,2022
2022-05,100.0,공릉1,2022
2022-06,84.69689,공릉1,2022
2022-07,90.49733,공릉1,2022
2022-08,89.35045,공릉1,2022
2022-09,83.05057,공릉1,2022
2022-10,85.30733,공릉1,2022
2022-11,79.1845,공릉1,2022
2022-12,80.81761,공릉1,2022
2023-01,77.42455,공릉1,2023
2023-02,81.34612,공릉1,2023
2023-03,87.54029,공릉1,2023
2023-04,80.87574,공릉1,2023
2023-05,89.34252,공릉1,2023
2023-06,76.63178,공릉1,2023
2023-07,75.10173,공릉1,2023
2023-08,75.42941,공릉1,2023
2023-09,72.97711,공릉1,2023
2023-10,68.79129,공릉1,2023
2023-11,65.45108,공릉1,2023
2023-12,68.94984,공릉1,2023
2021-01,32.85876,공릉2,2021
2021-02,56.71981,공릉2,2021
2021-03,70.61503,공릉2,2021
2021-04,71.58314,공릉2,2021
2021-05,95.2164,공릉2,2021
2021-06,81.49202,공릉2,2021
2021-07,53.18906,공릉2,2021
2021-08,64.57858,공릉2,2021
2021-09,76.82232,공릉2,2021
2021-10,84.79498,공릉2,2021
2021-11,64.92027,공릉2,2021
2021-12,60.07972,공릉2,2021
2022-01,61.10478,공릉2,2022
2022-02,58.82687,공릉2,2022
2022-03,64.17995,공릉2,2022
2022-04,89.80637,공릉2,2022
2022-05,100.0,공릉2,2022
2022-06,76.59453,공릉2,2022
2022-07,63.95216,공릉2,2022
2022-08,63.83826,공릉2,2022
2022-09,71.52619,공릉2,2022
2022-10,71.24145,공릉2,2022
2022-11,63.72437,공릉2,2022
2022-12,56.20728,공릉2,2022
2023-01,51.65148,공릉2,2023
2023-02,58.08656,공릉2,2023
2023-03,71.98177,공릉2,2023
2023-04,68.79271,공릉2,2023
2023-05,67.31207,공릉2,2023
2023-06,53.24601,공릉2,2023
2023-07,43.50797,공릉2,2023
2023-08,47.03872,공릉2,2023
2023-09,42.53986,공릉2,2023
2023-10,53.24601,공릉2,2023
2023-11,37.58542,공릉2,2023
2023-12,41.85649,공릉2,2023
2021-01,14.43529,안국,2021
2021-02,29.3147,안국,2021
2021-03,36.60484,안국,2021
2021-04,35.19191,안국,2021
2021-05,39.79657,안국,2021
2021-06,34.67875,안국,2021
2021-07,25.15187,안국,2021
2021-08,32.19808,안국,2021
2021-09,38.94283,안국,2021
2021-10,48.258,안국,2021
2021-11,51.30706,안국,2021
2021-12,39.00497,안국,2021
2022-01,46.96014,안국,2022
2022-02,44.01693,안국,2022
2022-03,49.86883,안국,2022
2022-04,65.4432,안국,2022
2022-05,72.06599,안국,2022
2022-06,63.287,안국,2022
2022-07,69.99263,안국,2022
2022-08,69.50018,안국,2022
2022-09,68.70397,안국,2022
2022-10,95.20894,안국,2022
2022-11,100.0,안국,2022
2022-12,87.67949,안국,2022
2023-01,87.46778,안국,2023
2023-02,99.96778,안국,2023
2023-03,96.70931,안국,2023
2023-04,83.52126,안국,2023
2023-05,75.19099,안국,2023
2023-06,67.22662,안국,2023
2023-07,72.56305,안국,2023
2023-08,72.6643,안국,2023
2023-09,74.49374,안국,2023
2023-10,81.69412,안국,2023
2023-11,67.15528,안국,2023
2023-12,72.57455,안국,2023
2021-01,25.33611,서촌,2021
2021-02,51.00629,서촌,2021
2021-03,56.76546,서촌,2021
2021-04,55.24511,서촌,2021
2021-05,63.75225,서촌,2021
2021-06,63.49611,서촌,2021
2021-07,55.5284,서촌,2021
2021-08,71.98909,서촌,2021
2021-09,78.7941,서촌,2021
2021-10,93.3567,서촌,2021
2021-11,100.0,서촌,2021
2021-12,62.21419,서촌,2021
2022-01,68.85276,서촌,2022
2022-02,60.22758,서촌,2022
2022-03,67.97573,서촌,2022
2022-04,75.34733,서촌,2022
2022-05,94.80505,서촌,2022
2022-06,85.04668,서촌,2022
2022-07,67.53426,서촌,2022
2022-08,68.20354,서촌,2022
2022-09,71.98083,서촌,2022
2022-10,85.96149,서촌,2022
2022-11,70.26924,서촌,2022
2022-12,57.57167,서촌,2022
2023-01,58.09341,서촌,2023
2023-02,63.95174,서촌,2023
2023-03,67.79749,서촌,2023
2023-04,62.12212,서촌,2023
2023-05,62.82328,서촌,2023
2023-06,52.76272,서촌,2023
2023-07,50.58488,서촌,2023
2023-08,49.56384,서촌,2023
2023-09,53.90771,서촌,2023
2023-10,70.52421,서촌,2023
2023-11,63.15969,서촌,2023
2023-12,57.21165,서촌,2023
